scale	command	wall_s	user_s	sys_s	maxrss_kb	exit	out_bytes	runs	minflt	flows
10k	sync	0.021	0.036	0.000	24140	0	36	3	5507	10009
10k	check	0.026	0.020	0.017	24444	0	79	3	5525	10009
10k	balance	0.026	0.016	0.021	24152	0	13512	3	5515	10009
10k	balance-value	0.026	0.017	0.022	24212	0	11927	3	5521	10009
10k	balance-monthly	0.027	0.023	0.023	24488	0	70098	3	5653	10009
10k	register	0.036	0.027	0.023	24584	0	437488	3	7113	10009
10k	flow	0.026	0.014	0.027	24196	0	52972	3	5605	10009
10k	available	0.026	0.032	0.011	24200	0	4291	3	5913	10009
10k	budget	0.026	0.037	0.005	24284	0	1509	3	5519	10009
10k	tax	0.026	0.024	0.014	24508	0	2253	3	5557	10009
10k	lots	0.026	0.010	0.027	23572	0	15212	3	5570	10009
10k	forecast	0.026	0.016	0.025	24280	0	4988	3	5555	10009
10k	why-place	0.022	0.026	0.009	24156	0	3975	3	5531	10009
10k	why-law	0.032	0.023	0.021	24556	0	1666	3	5558	10009
10k	why-code	0.022	0.018	0.018	24412	0	885	3	5548	10009
10k	why-line	0.026	0.027	0.012	24352	0	560	3	5534	10009
10k	check-nolaws	0.026	0.015	0.025	24192	0	78	3	5530	10009
10k	sync-nolaws	0.021	0.011	0.026	24020	0	36	3	5535	10009
100k	sync	0.085	0.101	0.080	113216	0	36	3	31818	100030
100k	check	0.121	0.130	0.086	113416	0	82	3	32798	100030
100k	balance	0.130	0.144	0.091	114128	0	49706	3	32773	100030
100k	balance-value	0.130	0.140	0.094	113052	0	44515	3	32432	100030
100k	balance-monthly	0.171	0.265	0.074	113188	0	275952	3	33380	100030
100k	register	0.166	0.176	0.097	114136	0	1023655	3	36447	100030
100k	flow	0.122	0.148	0.073	113088	0	201708	3	33007	100030
100k	available	0.156	0.220	0.080	113036	0	13415	3	37507	100030
100k	budget	0.112	0.163	0.063	113204	0	4714	3	32560	100030
100k	tax	0.109	0.128	0.088	112820	0	2239	3	32704	100030
100k	lots	0.110	0.118	0.093	113236	0	19439	3	32425	100030
100k	forecast	0.152	0.146	0.103	112928	0	12243	3	33301	100030
100k	why-place	0.116	0.119	0.102	113140	0	4170	3	32398	100030
100k	why-law	0.116	0.113	0.103	113212	0	1672	3	32467	100030
100k	why-code	0.120	0.141	0.097	113212	0	815	3	32479	100030
100k	why-line	0.125	0.137	0.103	114220	0	525	3	32794	100030
100k	check-nolaws	0.113	0.126	0.090	112644	0	81	3	32391	100030
100k	sync-nolaws	0.087	0.098	0.089	113064	0	36	3	31949	100030
1m	sync	0.715	1.103	0.611	972848	0	36	3	285923	1000094
1m	check	1.055	1.328	0.636	972980	0	88	3	286234	1000094
1m	balance	1.042	1.292	0.610	972996	0	149114	3	286584	1000094
1m	balance-value	1.112	1.370	0.622	972908	0	133987	3	286515	1000094
1m	balance-monthly	1.249	2.316	0.598	972816	0	847293	3	289330	1000094
1m	register	1.095	1.343	0.678	972876	0	3295496	3	298919	1000094
1m	flow	1.036	1.279	0.740	972944	0	634140	3	288892	1000094
1m	available	1.755	3.438	0.751	972912	0	36037	3	321797	1000094
1m	budget	0.968	1.267	0.575	972860	0	13558	3	286119	1000094
1m	tax	0.963	1.225	0.593	972968	0	2200	3	286093	1000094
1m	lots	0.910	1.158	0.636	972928	0	22935	3	286113	1000094
1m	forecast	1.500	1.735	0.627	972860	0	30460	3	296115	1000094
1m	why-place	0.941	1.209	0.620	972852	0	4128	3	286424	1000094
1m	why-law	0.942	1.246	0.555	972904	0	1693	3	286124	1000094
1m	why-code	0.943	1.262	0.620	972880	0	906	3	286137	1000094
1m	why-line	0.948	1.270	0.572	973052	0	505	3	286134	1000094
1m	check-nolaws	0.932	1.205	0.668	967480	0	86	3	286925	1000094
1m	sync-nolaws	0.699	0.909	0.635	966368	0	36	3	281056	1000094
5m	sync	4.327	5.063	4.096	4375452	0	36	3	1408651	5000237
5m	check	6.310	7.125	4.587	4375172	0	89	3	1443200	5000237
5m	balance	6.081	6.831	4.218	4375248	0	378092	3	1443370	5000237
5m	balance-value	5.977	6.940	3.721	4376060	0	340073	3	1443554	5000237
5m	balance-monthly	7.477	12.607	3.860	4375692	0	2197327	3	1448865	5000237
5m	register	5.658	6.529	3.568	4375632	0	6690400	3	1466328	5000237
5m	flow	5.905	6.689	4.077	4375512	0	1663987	3	1447707	5000237
5m	available	20.561	39.641	22.897	4376524	0	88659	3	10876135	5000237
5m	budget	5.971	6.869	4.214	4376524	0	33250	3	1443543	5000237
5m	tax	5.662	6.317	3.885	4375308	0	2200	3	1443325	5000237
5m	lots	5.957	6.828	4.037	4375572	0	34212	3	1448073	5000237
5m	forecast	7.868	8.755	3.366	4376532	0	72051	3	1504001	5000237
5m	why-place	5.799	6.628	4.007	4376400	0	4734	3	1443389	5000237
5m	why-law	5.885	6.843	3.880	4375352	0	1709	3	1443357	5000237
5m	why-code	5.706	6.426	3.946	4376028	0	835	3	1443549	5000237
5m	why-line	5.521	6.571	3.771	4376124	0	938	3	1443430	5000237
5m	check-nolaws	5.625	6.332	4.017	4371204	0	87	3	1436723	5000237
5m	sync-nolaws	4.128	4.914	3.870	4373784	0	36	3	1408256	5000237
