layout,n,build_ms,build_allocs,requested_bytes,live_bytes,peak_bytes,query_ms,query_allocs,query_bytes,lookup_ms,lookup_allocs,lookup_bytes,selected
btree-values,10000,14.998,184408,15282993,15236616,15244929,2.821,4024,64384,11.712,0,0,1580
dense-big,10000,2.704,245,1732057,1728993,1729025,1.270,4024,64384,0.626,0,0,1580
dense-compact,10000,2.308,132,1253497,1251649,1251705,0.356,9,144,1.559,0,0,1580
soa-compact,10000,1.438,148,684761,682913,682913,0.387,9,144,0.480,0,0,1580
btree-values,100000,146.416,1843027,152742233,152368392,152376705,63.535,44778,871520,196.937,0,0,15845
dense-big,100000,54.304,1364,17230665,17215137,17215153,33.478,44778,871520,35.788,0,0,15845
dense-compact,100000,19.257,198,12444057,12440977,12441033,26.095,19470,466592,48.224,0,0,15845
soa-compact,100000,14.356,214,6756561,6753481,6753481,27.222,19470,466592,48.485,0,0,15845
btree-values,1000000,2989.133,18429191,1527334185,1523685960,1523694273,702.512,466206,10846296,260.353,0,0,158645
dense-big,1000000,555.641,12530,172216361,172076449,172076481,322.976,466206,10846296,37.514,0,0,158645
dense-compact,1000000,132.532,858,124349657,124334257,124334289,331.088,425058,10187928,40.566,0,0,158645
soa-compact,1000000,128.281,874,67474665,67459265,67459265,333.091,425058,10187928,57.642,0,0,158645
